MANDT,PROFN,AKTPS,MODDA,MODTI,MODBE,DIVIS,TYP,NRAUT
001,&_SAP_ALL_00,A,21.02.2017,18:54:55,DDIC,,G,3742
001,&_SAP_ALL_01,A,16.05.2017,14:09:45,DDIC,,G,3742
001,&_SAP_ALL_02,A,16.05.2017,14:09:45,DDIC,,G,3742
001,&_SAP_ALL_03,A,16.05.2017,14:09:45,DDIC,,G,3742
001,&_SAP_ALL_04,A,16.05.2017,14:09:45,DDIC,,G, 794
001,B_ALE_ALL,A,21.10.1998,14:50:31,SAP,,S, 178
001,B_ALE_GRP_AD,A,25.01.1999,11:10:05,SAP,,S,  24
001,B_ALE_GRP_AL,A,25.01.1999,11:08:22,SAP,,S,  24
001,B_ALE_MO_DIS,A,23.04.1998,10:17:47,SAP,,S,  24
001,B_LSMW_ALL,A,04.04.2001,12:27:53,SAP,,S,  68
001,B_LSMW_CHG,A,04.04.2001,12:26:16,SAP,,S,  68
001,B_LSMW_EXEC,A,04.04.2001,12:27:18,SAP,,S,  68
001,B_LSMW_SHOW,A,04.04.2001,12:24:56,SAP,,S,  68
001,D_MD_DAT_EDI,A,17.08.2000,14:19:10,SAP,,S,  24
001,D_MD_DAT_SHW,A,17.08.2000,14:19:44,SAP,,S,  24
001,D_MD_DEF_EDI,A,17.08.2000,14:17:59,SAP,,S,  24
001,D_MD_DEF_SHW,A,17.08.2000,14:17:17,SAP,,S,  24
001,D_SVAS_DEV,A,24.09.1999,15:47:45,SAP,,S,  46
001,D_SVAS_DISP,A,24.09.1999,15:49:18,SAP,,S,  46
001,D_SVAS_DISPO,A,24.09.1999,15:35:02,SAP,,S,  46
001,D_SVAS_PDISP,A,20.09.1999,12:40:04,SAP,,S,  46
001,D_SVAS_PENGF,A,20.09.1999,13:30:42,SAP,,S,  46
001,D_SVAS_PENGR,A,20.09.1999,13:35:04,SAP,,S,  46
001,D_SVAS_SESS,A,24.09.1999,15:52:13,SAP,,S,  90
001,D_SVAS_SV_WP,A,16.03.2000,14:40:40,SAP,,S,  68
001,D_SVAS_TRANS,A,24.09.1999,15:53:27,SAP,,S,  24
001,P_PLAN_ALL,A,18.08.1997,16:43:25,SAP,,S,  46
001,SAP_ALL,A,23.06.2015,15:16:21,SAP,,C,  62
001,SAP_NEW,A,10.09.2011,08:49:01,SAP,,C, 218
001,SAP_NEW_40C,A,30.04.1998,10:06:02,SAP,,C,  26
001,S_A.CPIC,A,28.07.1997,16:01:06,SAP,,S,  68
001,S_A.CTWFUSER,A,02.07.2001,15:09:17,SAP,,S, 420
001,S_A.CUSTOMIZ,A,03.06.1998,17:40:06,SAP,,S, 904
001,S_A.SCON,A,29.06.1999,16:29:42,SAP,,S,  90
001,S_A.SYSTEM,A,04.08.1998,13:24:59,SAP,,S,1586
001,S_A.TMSADM,A,20.10.2014,14:38:10,SAP,,S, 178
001,S_A.TMSCFG,A,22.04.1999,17:53:56,SAP,,S,  24
001,S_A.TMSWF,A,08.07.2002,15:54:18,SAP,,S,  90
001,S_A.USER_BCO,A,13.08.1997,09:31:40,SAP,,S,  68
001,S_ABAP_ALL,A,16.07.1997,16:29:30,SAP,,S, 222
001,S_ACTSPLUS,A,20.02.2009,08:31:20,SAP,,G, 112
001,S_ADDR_ALL,A,25.02.1997,17:13:33,SAP,,S,  68
001,S_ADM,A,15.10.1997,13:54:59,SAP,,C,  62
001,S_ADMI_ALL,A,22.02.1999,14:54:30,SAP,,S, 178
001,S_ADMI_FCD,A,23.06.1997,13:06:27,SAP,,S,  90
001,S_ADMI_SAP,A,13.01.1997,10:52:22,SAP,,S, 134
001,S_ADMI_SPO_A,A,03.07.1997,22:01:44,SAP,,S,  24
001,S_ADMI_SPO_D,A,03.07.1997,22:02:45,SAP,,S,  24
001,S_ADMI_SPO_E,A,03.07.1997,22:03:29,SAP,,S,  24
001,S_ADMI_SPO_J,A,03.07.1997,22:04:15,SAP,,S,  24
001,S_ADMI_SPO_T,A,24.09.1997,12:13:25,SAP,,S,  24
001,S_ADM_REST,A,08.08.1997,11:21:43,SAP,,S, 244
001,S_AI_SMD_E2E,A,23.02.2010,17:51:18,SAP,,S, 200
001,S_ALV_ADMI,A,25.06.2009,16:25:58,SAP,,G, 112
001,S_AL_ALL,A,09.02.2005,15:10:17,SAP,,S,  90
001,S_AL_ALL_PRI,A,20.01.1998,17:16:52,SAP,,S,  24
001,S_ANUEB,A,15.10.1997,12:38:26,SAP,,C,  14
001,S_ANUEB_REST,A,18.07.1997,16:12:38,SAP,,S,  46
001,S_APPL_LOG_A,A,23.09.1994,13:17:01,SAP,,S,  24
001,S_ARCH_ALL,A,09.05.1995,12:58:57,SAP,,S,  24
001,S_ASAPIA,A,16.11.1999,18:44:28,SAP,,S,  24
001,S_ASAPIAA,A,17.11.1999,08:53:09,SAP,,S,  24
001,S_ASAPIAD,A,17.11.1999,08:50:48,SAP,,S,  24
001,S_ASAPIADC,A,25.11.1999,10:02:50,SAP,,S,  24
001,S_AUT_ADMI,A,19.02.2009,16:51:47,SAP,,G, 178
001,S_AUT_USER,A,19.02.2009,16:52:46,SAP,,G, 112
001,S_B20,A,11.02.2005,15:21:07,SAP,,C, 230
001,S_BCDEV,A,05.02.1998,15:00:28,SAP,,C,  26
001,S_BDC_ALL,A,27.04.1992,14:45:02,SAP,,S, 134
001,S_BDLSM_READ,A,03.09.2004,16:31:19,SAP,,S,  46
001,S_BI-BCTRA,A,01.02.2005,15:54:44,SAP,,G,  24
001,S_BI-WHM_RFC,A,29.11.2004,12:28:11,SAP,,C,  74
001,S_BI-WHM_SPC,A,21.01.2010,16:09:20,SAP,,S, 156
001,S_BI-WX_RFC,A,17.11.2006,13:16:50,SAP,,C,  74
001,S_BI-WX_RFCA,A,19.06.1998,22:08:38,SAP,,S,  24
001,S_BIN,A,16.02.2005,11:17:02,SAP,,C, 254
001,S_BI_DEBUG,A,19.06.1998,22:07:06,SAP,,S,  24
001,S_BI_UPLOAD,A,27.03.1998,09:51:45,SAP,,S,  24
001,S_BRAN_ALL,A,13.02.1995,09:08:50,SAP,,S,  24
001,S_BRAN_UMS,A,05.10.1995,18:34:57,SAP,,S,  24
001,S_BTCH,A,25.06.1997,16:56:34,SAP,,S,  68
001,S_BTCH_ADM,A,19.05.1992,12:10:19,SAP,,S,  68
001,S_BTCH_ALL,A,11.07.1996,11:38:30,SAP,,S,  90
001,S_BW_D____,A,15.08.2000,10:19:10,SAP,,G,3302
001,S_BW_D____1,A,15.08.2000,10:19:10,SAP,,G,1080
001,S_BW_RFC,A,20.12.2013,09:41:32,SAP,,S, 332
001,S_CALENDAR_A,A,20.02.1992,12:35:17,SAP,,S,  24
001,S_CSMREG,A,23.05.2011,16:21:44,SAP,,S, 156
001,S_CTS_PROJEC,A,09.02.2005,12:01:28,SAP,,S,  90
001,S_CUS_CMP,A,05.04.2001,08:37:35,SAP,,S, 112
001,S_DAMO,A,16.12.1994,15:42:41,SAP,,S,  46
001,S_DB2_ALLU,A,03.08.1998,11:09:38,SAP,,S,  24
001,S_DB2_COMM,A,03.08.1998,11:11:33,SAP,,S,  90
001,S_DB2_DBADM,A,18.11.2009,15:18:17,SAP,,S, 222
001,S_DB2_DBALRT,A,18.05.1999,17:04:13,SAP,,S,  24
001,S_DB2_DBUTIL,A,18.11.2009,15:16:43,SAP,,S,  24
001,S_DB2_EXPC,A,03.08.1998,11:27:58,SAP,,S,  68
001,S_DDIC01,A,19.02.1997,17:39:18,SAP,,C,  62
001,S_DDIC01Z,A,20.02.1997,14:11:32,SAP,,C,  62
001,S_DDIC02,A,20.02.1997,17:35:38,SAP,,C,  62
001,S_DDIC02Z,A,20.02.1997,17:52:09,SAP,,C,  62
001,S_DDIC03,A,21.02.1997,14:51:05,SAP,,C,  62
001,S_DDIC03Z,A,21.02.1997,16:51:29,SAP,,C,  62
001,S_DDIC04,A,24.02.1997,09:46:22,SAP,,C,  62
001,S_DDIC04DB,A,26.02.1997,11:52:44,SAP,,C,  62
001,S_DDIC04Z,A,24.02.1997,10:26:43,SAP,,C,  62
001,S_DDIC04ZDB,A,26.02.1997,13:24:01,SAP,,C,  62
001,S_DDIC05,A,24.02.1997,11:43:06,SAP,,C,  62
001,S_DDIC05Z,A,24.02.1997,11:44:39,SAP,,C,  62
001,S_DDIC06,A,24.02.1997,17:06:07,SAP,,C,  62
001,S_DDIC06Z,A,24.02.1997,17:08:18,SAP,,C,  62
001,S_DDIC07,A,25.02.1997,08:39:57,SAP,,C,  62
001,S_DDIC07Z,A,25.02.1997,08:41:44,SAP,,C,  62
001,S_DDIC08,A,25.02.1997,09:22:35,SAP,,C,  62
001,S_DDIC08Z,A,25.02.1997,09:23:46,SAP,,C,  62
001,S_DDIC09,A,25.02.1997,09:54:49,SAP,,C,  62
001,S_DDIC09DB,A,26.02.1997,14:01:24,SAP,,C,  62
001,S_DDIC09Z,A,25.02.1997,10:04:34,SAP,,C,  62
001,S_DDIC09ZDB,A,26.02.1997,14:13:37,SAP,,C,  62
001,S_DDIC10,A,25.02.1997,10:34:57,SAP,,C,  62
001,S_DDIC10Z,A,25.02.1997,10:36:25,SAP,,C,  62
001,S_DDIC11,A,27.02.1997,11:25:36,SAP,,C,  38
001,S_DDIC11Z,A,27.02.1997,11:27:03,SAP,,C,  38
001,S_DDIC12,A,27.02.1997,13:14:55,SAP,,C,  38
001,S_DDIC12Z,A,27.02.1997,13:16:11,SAP,,C,  38
001,S_DDIC13,A,27.02.1997,14:11:01,SAP,,C,  38
001,S_DDIC13Z,A,27.02.1997,14:11:54,SAP,,C,  38
001,S_DDIC14,A,28.02.1997,10:30:33,SAP,,C,  38
001,S_DDIC14DB,A,28.02.1997,10:59:38,SAP,,C,  38
001,S_DDIC14Z,A,28.02.1997,10:38:14,SAP,,C,  38
001,S_DDIC14ZDB,A,28.02.1997,11:01:10,SAP,,C,  38
001,S_DDIC15,A,28.02.1997,13:07:23,SAP,,C,  38
001,S_DDIC15DB,A,28.02.1997,13:14:07,SAP,,C,  38
001,S_DDIC15Z,A,28.02.1997,13:45:31,SAP,,C,  38
001,S_DDIC15ZDB,A,28.02.1997,14:08:44,SAP,,C,  38
001,S_DDIC16,A,28.02.1997,15:06:57,SAP,,C,  38
001,S_DDIC16Z,A,28.02.1997,15:08:02,SAP,,C,  38
001,S_DDIC_AEW,A,05.06.1997,14:48:07,SAP,,S, 112
001,S_DDIC_MDI,A,05.11.2003,12:55:25,SAP,,S,  24
001,S_DEVC01,A,06.03.1997,13:42:58,SAP,,S,  24
001,S_DEVC01Z,A,06.03.1997,13:56:20,SAP,,S,  24
001,S_DEVC02,A,06.03.1997,14:34:09,SAP,,S,  46
001,S_DEVC02Z,A,06.03.1997,14:35:03,SAP,,S,  46
001,S_DEVC03,A,06.03.1997,14:58:16,SAP,,S,  68
001,S_DEVC03Z,A,06.03.1997,14:59:23,SAP,,S,  68
001,S_DEVC04,A,06.03.1997,15:57:56,SAP,,S,  90
001,S_DEVC04Z,A,06.03.1997,15:57:39,SAP,,S,  90
001,S_DEVELOP,A,25.05.1999,16:57:41,SAP,,S, 134
001,S_DEVELOP_AL,A,09.01.1998,10:49:47,SAP,,S,  24
001,S_DEVELOP_D,A,09.01.1998,10:37:57,SAP,,S, 156
001,S_DEV_CATT,A,26.07.1995,16:24:08,SAP,,S,  24
001,S_DIAL01,A,04.03.1997,16:08:02,SAP,,S,  24
001,S_DIAL01Z,A,04.03.1997,16:13:26,SAP,,S,  24
001,S_DIAL02,A,05.03.1997,10:46:06,SAP,,S,  46
001,S_DIAL02Z,A,05.03.1997,10:46:54,SAP,,S,  46
001,S_DIAL03,A,05.03.1997,11:17:49,SAP,,S,  68
001,S_DIAL03Z,A,05.03.1997,11:18:04,SAP,,S,  68
001,S_DIAL04,A,05.03.1997,11:36:05,SAP,,S,  90
001,S_DIAL04Z,A,05.03.1997,11:36:46,SAP,,S,  90
001,S_DMIG,A,02.03.1995,11:58:21,SAP,,S,  24
001,S_DMOD01,A,26.02.1997,14:53:31,SAP,,C,  38
001,S_DMOD01Z,A,26.02.1997,14:54:55,SAP,,C,  38
001,S_DMOD02,A,26.02.1997,15:11:24,SAP,,C,  38
001,S_DMOD02Z,A,26.02.1997,15:12:37,SAP,,C,  38
001,S_DMOD03,A,26.02.1997,15:54:51,SAP,,C,  38
001,S_DMOD03Z,A,26.02.1997,15:56:35,SAP,,C,  38
001,S_DMOD04,A,26.02.1997,16:28:10,SAP,,C,  38
001,S_DMOD04Z,A,26.02.1997,16:29:02,SAP,,C,  38
001,S_DMOD_1,A,11.01.1995,10:55:27,SAP,,S,  68
001,S_DMOD_2,A,11.01.1995,10:56:00,SAP,,S,  68
001,S_DMOD_3,A,11.01.1995,10:56:26,SAP,,S,  68
001,S_DMOD_4,A,11.01.1995,10:56:44,SAP,,S,  68
001,S_DMOD_5,A,11.01.1995,10:57:02,SAP,,S,  68
001,S_DMOD_8,A,11.01.1995,10:57:25,SAP,,S,  90
001,S_DOKUF$TMP,A,25.10.1993,16:02:14,SAP,,S,  24
001,S_DOKUFS,A,16.07.1993,12:41:38,SAP,,S,  24
001,S_DOKU_AUTH,A,25.10.1993,16:08:57,SAP,,S,  24
001,S_DOMA01,A,19.02.1997,15:16:42,SAP,,S,  24
001,S_DOMA01Z,A,20.02.1997,13:32:09,SAP,,S,  24
001,S_DOMA02,A,20.02.1997,14:46:33,SAP,,S,  46
001,S_DOMA02Z,A,20.02.1997,17:07:18,SAP,,S,  46
001,S_DOMA03,A,21.02.1997,14:34:09,SAP,,S,  68
001,S_DOMA03Z,A,21.02.1997,16:41:56,SAP,,S,  68
001,S_DOMA04,A,24.02.1997,09:36:55,SAP,,S,  90
001,S_DOMA04Z,A,24.02.1997,10:18:54,SAP,,S,  90
001,S_DOMA05,A,24.02.1997,11:31:12,SAP,,S,  24
001,S_DOMA05Z,A,24.02.1997,11:37:33,SAP,,S,  24
001,S_DTEL01,A,19.02.1997,15:30:22,SAP,,S,  24
001,S_DTEL01Z,A,20.02.1997,13:39:18,SAP,,S,  24
001,S_DTEL02,A,20.02.1997,14:49:42,SAP,,S,  46
001,S_DTEL02Z,A,20.02.1997,17:40:31,SAP,,S,  46
001,S_DTEL03,A,21.02.1997,14:36:37,SAP,,S,  68
001,S_DTEL03Z,A,21.02.1997,16:43:12,SAP,,S,  68
001,S_DTEL04,A,24.02.1997,09:39:49,SAP,,S,  90
001,S_DTEL04Z,A,24.02.1997,10:20:26,SAP,,S,  90
001,S_DTEL05,A,24.02.1997,11:33:12,SAP,,S,  24
001,S_DTEL05Z,A,24.02.1997,11:38:34,SAP,,S,  24
001,S_E2ESATDISP,A,21.12.2007,17:37:03,SAP,,S, 178
001,S_ECATTADM,A,13.01.2011,09:54:31,SAP,,G, 134
001,S_ECAT____,A,29.09.2005,15:49:34,SAP,,G, 134
001,S_ECDEV___,A,26.01.2011,09:48:42,SAP,,G,  68
001,S_ECET_RFC,A,03.03.2010,17:51:41,SAP,,G,  68
001,S_ECFUN___,A,26.01.2011,09:47:04,SAP,,G,  46
001,S_ECR_EXEC,A,26.01.2011,09:47:57,SAP,,G,  68
001,S_ECSHOW__,A,02.12.2004,11:09:20,SAP,,G,  68
001,S_ECST____,A,29.09.2005,15:50:30,SAP,,G, 112
001,S_ECTSOTPL,A,27.02.2009,09:57:39,SAP,,G, 134
001,S_ECTSTTPL,A,27.02.2009,09:44:28,SAP,,G,  68
001,S_ENQU06,A,24.02.1997,16:52:54,SAP,,S,  24
001,S_ENQU06Z,A,24.02.1997,16:58:44,SAP,,S,  24
001,S_ENQU07,A,25.02.1997,08:16:55,SAP,,S,  46
001,S_ENQU07Z,A,25.02.1997,08:26:08,SAP,,S,  46
001,S_ENQU08,A,25.02.1997,09:07:49,SAP,,S,  68
001,S_ENQU08Z,A,25.02.1997,09:14:04,SAP,,S,  68
001,S_ENQU09,A,25.02.1997,09:49:14,SAP,,S,  90
001,S_ENQU09Z,A,25.02.1997,09:58:21,SAP,,S,  90
001,S_ENQU10,A,25.02.1997,10:24:08,SAP,,S,  24
001,S_ENQU10Z,A,25.02.1997,10:28:39,SAP,,S,  24
001,S_ENTW,A,15.10.1997,13:54:24,SAP,,C,  74
001,S_ENTW+,A,16.10.1997,09:40:30,SAP,,S, 112
001,S_ENTW++,A,17.01.1996,09:28:59,SAP,,S, 112
001,S_ENTWBC,A,10.06.2010,16:06:12,SAP,,C,  62
001,S_ENTW_DOKU,A,23.10.1995,16:05:58,SAP,,S,  46
001,S_ENTW_TAB,A,30.06.1997,08:17:00,SAP,,S,  68
001,S_ENTW_TAB+,A,25.06.1997,17:50:30,SAP,,S,  24
001,S_ENTW_TAB++,A,22.04.1997,13:44:27,SAP,,S,  90
001,S_EUMG,A,15.10.1997,12:37:57,SAP,,C,  14
001,S_FIELDSEL,A,05.06.1992,20:20:44,SAP,,S,  24
001,S_FUGR01,A,03.03.1997,14:43:42,SAP,,S,  24
001,S_FUGR01Z,A,03.03.1997,15:10:22,SAP,,S,  24
001,S_FUGR02,A,03.03.1997,16:38:20,SAP,,S,  46
001,S_FUGR02Z,A,03.03.1997,16:40:30,SAP,,S,  46
001,S_FUGR03,A,03.03.1997,17:30:49,SAP,,S,  68
001,S_FUGR03Z,A,03.03.1997,17:32:52,SAP,,S,  68
001,S_FUGR04,A,03.03.1997,17:55:58,SAP,,S,  90
001,S_FUGR04Z,A,03.03.1997,17:56:28,SAP,,S,  90
001,S_HIERARCHY,A,24.04.1998,18:00:37,SAP,,S,  24
001,S_HIERARCHYD,A,17.11.1999,08:48:15,SAP,,S,  24
001,S_IDOCREPA,A,23.03.1998,15:31:48,SAP,,S,  24
001,S_IDOC_ALL,A,13.12.1995,16:48:13,SAP,,S, 134
001,S_IDOC_ALL+,A,16.10.1997,15:49:17,SAP,,S, 112
001,S_IMG_ACTIV,A,12.12.1995,10:21:45,SAP,,S,  24
001,S_INDX01,A,27.02.1997,11:13:56,SAP,,S,  24
001,S_INDX01Z,A,27.02.1997,11:17:06,SAP,,S,  24
001,S_INDX02,A,27.02.1997,13:09:33,SAP,,S,  46
001,S_INDX02Z,A,27.02.1997,13:10:41,SAP,,S,  46
001,S_INDX03,A,27.02.1997,13:59:41,SAP,,S,  68
001,S_INDX03Z,A,27.02.1997,14:00:34,SAP,,S,  68
001,S_INDX04,A,28.02.1997,10:20:05,SAP,,S,  90
001,S_INDX04DB,A,28.02.1997,10:50:32,SAP,,S, 134
001,S_INDX04Z,A,28.02.1997,10:26:13,SAP,,S,  90
001,S_INDX04ZDB,A,28.02.1997,10:53:38,SAP,,S, 134
001,S_INDX05,A,28.02.1997,13:04:43,SAP,,S, 112
001,S_INDX05DB,A,28.02.1997,13:11:24,SAP,,S, 156
001,S_INDX05Z,A,28.02.1997,13:39:50,SAP,,S, 112
001,S_INDX05ZDB,A,28.02.1997,13:59:26,SAP,,S, 156
001,S_INDX06,A,28.02.1997,14:45:37,SAP,,S,  90
001,S_INDX06Z,A,28.02.1997,14:48:21,SAP,,S,  90
001,S_IS_MONIT,A,26.04.2007,10:38:49,SAP,,G,  46
001,S_IS_MONITOR,A,23.02.2010,17:44:58,SAP,,S,  46
001,S_IWB_ACTS,A,04.02.1999,17:44:02,SAP,,C,  50
001,S_IWB_ADM_AL,A,25.09.1998,16:35:28,SAP,,S,  24
001,S_IWB_ALL_CH,A,04.02.1999,17:39:12,SAP,,S,  24
001,S_IWB_ALL_CR,A,04.02.1999,17:41:38,SAP,,S,  24
001,S_IWB_ALL_DE,A,04.02.1999,17:42:16,SAP,,S,  24
001,S_IWB_ALL_DI,A,04.02.1999,17:40:53,SAP,,S,  24
001,S_LANG_ALL,A,11.09.2000,11:41:13,SAP,,S,  46
001,S_LAW_COMM,A,16.11.2005,14:04:02,SAP,,S,  68
001,S_LDBA01,A,04.03.1997,16:10:38,SAP,,S,  24
001,S_LDBA01Z,A,04.03.1997,16:15:02,SAP,,S,  24
001,S_LDBA02,A,05.03.1997,10:47:47,SAP,,S,  46
001,S_LDBA02Z,A,05.03.1997,10:48:39,SAP,,S,  46
001,S_LDBA03,A,05.03.1997,11:16:56,SAP,,S,  68
001,S_LDBA03Z,A,05.03.1997,11:17:17,SAP,,S,  68
001,S_LDBA04,A,05.03.1997,11:39:27,SAP,,S,  90
001,S_LDBA04Z,A,05.03.1997,11:39:53,SAP,,S,  90
001,S_MCID06,A,24.02.1997,16:54:36,SAP,,S,  24
001,S_MCID06Z,A,24.02.1997,17:00:30,SAP,,S,  24
001,S_MCID07,A,25.02.1997,08:20:17,SAP,,S,  46
001,S_MCID07Z,A,25.02.1997,08:27:38,SAP,,S,  46
001,S_MCID08,A,25.02.1997,09:09:14,SAP,,S,  68
001,S_MCID08Z,A,25.02.1997,09:15:16,SAP,,S,  68
001,S_MCID09,A,25.02.1997,09:50:17,SAP,,S,  90
001,S_MCID09DB,A,26.02.1997,13:55:22,SAP,,S, 134
001,S_MCID09Z,A,25.02.1997,10:01:35,SAP,,S,  90
001,S_MCID09ZDB,A,26.02.1997,14:08:50,SAP,,S, 134
001,S_MCID10,A,26.02.1997,14:35:12,SAP,,S,  68
001,S_MCID10Z,A,26.02.1997,14:40:15,SAP,,S,  68
001,S_MCOB06,A,24.02.1997,16:56:29,SAP,,S,  24
001,S_MCOB06Z,A,24.02.1997,17:01:47,SAP,,S,  24
001,S_MCOB07,A,25.02.1997,08:21:58,SAP,,S,  46
001,S_MCOB07Z,A,25.02.1997,08:33:23,SAP,,S,  46
001,S_MCOB08,A,25.02.1997,09:10:29,SAP,,S,  68
001,S_MCOB08Z,A,25.02.1997,09:16:32,SAP,,S,  68
001,S_MCOB09,A,25.02.1997,09:51:22,SAP,,S,  90
001,S_MCOB09DB,A,26.02.1997,13:57:34,SAP,,S, 134
001,S_MCOB09Z,A,25.02.1997,10:00:29,SAP,,S,  90
001,S_MCOB09ZDB,A,26.02.1997,14:10:22,SAP,,S, 134
001,S_MCOB10,A,26.02.1997,14:36:33,SAP,,S,  68
001,S_MCOB10Z,A,26.02.1997,14:41:13,SAP,,S,  68
001,S_MDT_ALL,A,14.05.1998,16:05:34,SAP,,S,  24
001,S_MENU01,A,04.03.1997,16:11:14,SAP,,S,  24
001,S_MENU01Z,A,04.03.1997,16:18:05,SAP,,S,  24
001,S_MENU02,A,05.03.1997,10:49:35,SAP,,S,  46
001,S_MENU02Z,A,05.03.1997,10:50:22,SAP,,S,  46
001,S_MENU03,A,05.03.1997,11:18:56,SAP,,S,  68
001,S_MENU03Z,A,05.03.1997,11:19:13,SAP,,S,  68
001,S_MENU04,A,05.03.1997,11:40:46,SAP,,S,  90
001,S_MENU04Z,A,05.03.1997,11:41:07,SAP,,S,  90
001,S_MSAG01,A,06.03.1997,13:46:31,SAP,,S,  24
001,S_MSAG01Z,A,06.03.1997,13:55:10,SAP,,S,  24
001,S_MSAG02,A,06.03.1997,14:36:13,SAP,,S,  46
001,S_MSAG02Z,A,06.03.1997,14:36:39,SAP,,S,  46
001,S_MSAG03,A,06.03.1997,15:00:40,SAP,,S,  68
001,S_MSAG03Z,A,06.03.1997,15:01:23,SAP,,S,  68
001,S_MSAG04,A,06.03.1997,15:59:17,SAP,,S,  90
001,S_MSAG04Z,A,06.03.1997,15:59:50,SAP,,S,  90
001,S_NEW_46A0,A,30.06.1999,10:06:46,SAP,,S, 134
001,S_NEW_46C0,A,08.06.2000,19:47:25,SAP,,S,  46
001,S_NEW_46D0,A,08.06.2000,19:47:33,SAP,,S,  46
001,S_NEW_6100,A,24.04.2001,14:41:51,SAP,,S,  68
001,S_NEW_6200,A,20.06.2003,13:02:08,SAP,,S,  46
001,S_NEW_6300,A,16.01.2004,15:31:48,SAP,,S,  68
001,S_NEW_6400,A,25.10.2004,15:29:51,SAP,,S, 134
001,S_NEW_7000,A,04.04.2008,12:45:10,SAP,,S, 662
001,S_NEW_7020,A,16.08.2011,19:34:26,SAP,,S, 134
001,S_NEW_7030,A,10.09.2011,08:48:55,SAP,,S,  68
001,S_NEW_7100,A,10.09.2011,08:49:00,SAP,,S,  68
001,S_NEW_7110,A,10.09.2011,08:49:00,SAP,,S, 816
001,S_NEW_7200,A,10.09.2011,08:49:01,SAP,,S, 200
001,S_NEW_7300,A,10.09.2011,08:49:01,SAP,,S, 178
001,S_NEW_7310,A,09.10.2012,17:33:29,SAP,,S,  68
001,S_NEW_7400,A,18.07.2014,16:11:53,SAP,,S, 420
001,S_NUMBER,A,20.02.1992,12:10:19,SAP,,S,  24
001,S_OC_ADMI,A,17.03.1995,12:55:26,SAP,,S, 178
001,S_OC_DOCA,A,25.08.1997,17:05:53,SAP,,S,  24
001,S_OC_USER,A,20.11.1996,08:30:07,SAP,,S, 134
001,S_OTR_ADMIN,A,07.07.1999,10:59:13,SAP,,S,  46
001,S_OTR_DEV,A,05.02.2001,14:27:11,SAP,,S,  46
001,S_OTR_TRA,A,09.02.2000,10:05:14,SAP,,S,  24
001,S_OTR_TRALA,A,23.03.2001,15:53:59,SAP,,S,  46
001,S_PARA01,A,06.03.1997,13:48:21,SAP,,S,  24
001,S_PARA01Z,A,06.03.1997,13:53:29,SAP,,S,  24
001,S_PARA02,A,06.03.1997,14:38:15,SAP,,S,  46
001,S_PARA02Z,A,06.03.1997,14:38:53,SAP,,S,  46
001,S_PARA03,A,06.03.1997,15:02:56,SAP,,S,  68
001,S_PARA03Z,A,06.03.1997,15:03:21,SAP,,S,  68
001,S_PARA04,A,06.03.1997,16:01:07,SAP,,S,  90
001,S_PARA04Z,A,06.03.1997,16:01:32,SAP,,S,  90
001,S_PROG01,A,03.03.1997,14:46:30,SAP,,S,  24
001,S_PROG01Z,A,03.03.1997,15:12:13,SAP,,S,  24
001,S_PROG02,A,03.03.1997,16:42:33,SAP,,S,  46
001,S_PROG02Z,A,03.03.1997,16:44:06,SAP,,S,  46
001,S_PROG03,A,03.03.1997,17:34:28,SAP,,S,  68
001,S_PROG03Z,A,03.03.1997,17:35:15,SAP,,S,  68
001,S_PROG04,A,10.10.1997,13:56:14,SAP,,S,  68
001,S_PROG04Z,A,10.10.1997,13:56:48,SAP,,S,  68
001,S_PROG1,A,26.05.1997,16:48:08,SAP,,C,  50
001,S_PROG1Z,A,26.05.1997,16:50:25,SAP,,C,  50
001,S_PROG2,A,26.05.1997,16:51:49,SAP,,C,  50
001,S_PROG2Z,A,26.05.1997,16:52:52,SAP,,C,  50
001,S_PROG3,A,26.05.1997,16:53:50,SAP,,C,  50
001,S_PROG3Z,A,26.05.1997,17:00:10,SAP,,C,  50
001,S_PROG4,A,10.10.1997,14:19:13,SAP,,C,  50
001,S_PROG4Z,A,10.10.1997,14:19:39,SAP,,C,  50
001,S_PROG5,A,26.05.1997,17:02:39,SAP,,C,  74
001,S_PROG5Z,A,26.05.1997,17:03:50,SAP,,C,  74
001,S_PROG6,A,26.05.1997,17:04:59,SAP,,C,  74
001,S_PROG6Z,A,26.05.1997,17:05:40,SAP,,C,  74
001,S_PROG7,A,26.05.1997,17:06:57,SAP,,C,  74
001,S_PROG7Z,A,26.05.1997,17:07:49,SAP,,C,  74
001,S_PROG8,A,26.05.1997,17:08:30,SAP,,C,  74
001,S_PROG8Z,A,26.05.1997,17:09:04,SAP,,C,  74
001,S_PROG_AEW,A,03.03.1997,16:05:59,SAP,,S,  24
001,S_PROJ_ALL,A,09.10.1995,15:48:27,SAP,,S,  24
001,S_PROJ_DIS,A,09.10.1995,15:49:09,SAP,,S,  24
001,S_QAP_ICF,A,16.02.2005,11:15:09,SAP,,S,  24
001,S_QAP_RFC,A,16.02.2005,09:59:44,SAP,,S,  24
001,S_QIO_ALL,A,02.10.1992,17:48:24,SAP,,S, 112
001,S_QMAN_ADMIN,A,21.03.2001,14:08:39,SAP,,S,  24
001,S_QMAN_DECO,A,21.03.2001,14:04:46,SAP,,S,  46
001,S_QMAN_DICA,A,21.03.2001,14:05:06,SAP,,S,  46
001,S_QMAN_DISPL,A,22.03.2001,17:33:25,SAP,,S,  24
001,S_QMAN_DMAN,A,21.03.2001,14:05:40,SAP,,S,  46
001,S_QMAN_MASTR,A,21.03.2001,13:59:19,SAP,,S, 200
001,S_QMAN_PDIR,A,21.03.2001,14:05:55,SAP,,S,  46
001,S_QMAN_QMAN,A,22.03.2001,17:32:45,SAP,,S,  46
001,S_QMAN_SUPP,A,21.03.2001,14:06:21,SAP,,S,  46
001,S_RCASAT_DIS,A,02.03.2010,20:16:01,SAP,,S, 750
001,S_RFC_VERS,A,22.07.1997,18:40:39,SAP,,S,  24
001,S_RO_OSOAC,A,16.10.2006,10:01:52,SAP,,S,  24
001,S_RO_OSOAD,A,16.10.2006,10:01:52,SAP,,G,  24
001,S_RSHIST_ALL,A,16.02.2010,21:45:06,SAP,,S,  24
001,S_RSHIST_DIS,A,16.02.2010,21:46:48,SAP,,S,  24
001,S_RSHIST_MNT,A,16.02.2010,21:48:24,SAP,,S,  24
001,S_RS_ADMWB_A,A,14.04.2016,09:54:43,SAP,,S, 860
001,S_RS_ADW_A,A,10.09.1997,17:32:52,SAP,,S,  24
001,S_RS_ALL,A,16.04.2009,15:15:52,SAP,,C,  38
001,S_RS_CAGGMAI,A,19.10.1999,15:05:11,SAP,,S,  46
001,S_RS_CAGGSHO,A,10.06.1998,19:09:06,SAP,,S,  46
001,S_RS_CAGGUPD,A,23.09.1999,16:51:12,SAP,,S,  46
001,S_RS_CDATDEL,A,24.09.1999,08:22:01,SAP,,S,  46
001,S_RS_CDEFMAI,A,23.09.1999,16:51:28,SAP,,S,  68
001,S_RS_CDEFSHO,A,23.09.1999,16:52:08,SAP,,S,  46
001,S_RS_CEXSMAI,A,23.09.1999,16:52:21,SAP,,S,  46
001,S_RS_CUPRMAI,A,23.09.1999,16:52:36,SAP,,S,  46
001,S_RS_CUPRSHO,A,23.09.1999,16:52:49,SAP,,S,  46
001,S_RS_EXPL_A,A,07.09.2007,13:42:58,SAP,,S, 332
001,S_RS_HALLMAI,A,24.09.1999,08:23:23,SAP,,S,  46
001,S_RS_HALLSHO,A,24.09.1999,08:23:36,SAP,,S,  46
001,S_RS_HALLWAK,A,23.09.1999,16:53:36,SAP,,S,  46
001,S_RS_LM_ALL,A,25.01.2010,16:36:42,SAP,,S,  24
001,S_RS_LM_SHOW,A,25.01.2010,16:38:23,SAP,,S,  24
001,S_RS_MDATREQ,A,24.09.1999,08:23:48,SAP,,S,  46
001,S_RS_MIFPMAI,A,24.09.1999,08:23:56,SAP,,S,  46
001,S_RS_MMDAUPD,A,23.09.1999,16:54:30,SAP,,S,  46
001,S_RS_MTFRMAI,A,24.09.1999,08:25:55,SAP,,S,  46
001,S_RS_MTFRSHO,A,24.09.1999,08:26:51,SAP,,S,  46
001,S_RS_NEW20A1,A,16.03.2000,17:46:57,SAP,,S, 134
001,S_RS_PLAN,A,26.02.2009,17:19:24,SAP,,S, 112
001,S_RS_SE38,A,24.09.1999,08:21:45,SAP,,S,  46
001,S_RS_SSY_MAI,A,24.09.1999,08:27:52,SAP,,S,  46
001,S_RS_SSY_SHO,A,24.09.1999,08:28:21,SAP,,S,  46
001,S_RS_TCOSMAI,A,24.09.1999,08:28:30,SAP,,S,  46
001,S_RS_TCOSSHO,A,24.09.1999,08:28:41,SAP,,S,  46
001,S_RS_TCTFRAI,A,24.09.1999,08:28:52,SAP,,S,  46
001,S_RS_TDATREQ,A,24.09.1999,08:29:02,SAP,,S,  46
001,S_RS_TDEFMAI,A,24.09.1999,08:29:32,SAP,,S,  46
001,S_RS_TDEFSHO,A,24.09.1999,08:29:58,SAP,,S,  46
001,S_RS_TIFPMAI,A,24.09.1999,08:30:20,SAP,,S,  46
001,S_RS_TMDAUPD,A,24.09.1999,08:30:29,SAP,,S,  46
001,S_RS_TTFRMAI,A,24.09.1999,08:30:40,SAP,,S,  46
001,S_RS_TTFRSHO,A,24.09.1999,08:30:50,SAP,,S,  46
001,S_RS_WAPCMAI,A,24.09.1999,08:31:00,SAP,,S,  46
001,S_RS_WB_ALL,A,24.09.1999,08:31:36,SAP,,S,  24
001,S_RS_WB_MIN,A,24.09.1999,08:32:10,SAP,,S,  68
001,S_RS_WB_OLE,A,24.09.1999,08:32:22,SAP,,S,  24
001,S_RS_WB_TCD,A,24.09.1999,08:32:31,SAP,,S,  24
001,S_RS_WIARMAI,A,24.09.1999,08:32:53,SAP,,S,  46
001,S_RS_WIFPMAI,A,24.09.1999,08:33:17,SAP,,S,  46
001,S_RS_WIOBMAI,A,24.09.1999,08:33:29,SAP,,S,  46
001,S_RS_WIOBSHO,A,24.09.1999,08:33:39,SAP,,S,  46
001,S_RS_WMDAUPD,A,24.09.1999,08:34:07,SAP,,S,  68
001,S_RS_WMINSHO,A,24.09.1999,08:34:17,SAP,,S,  46
001,S_RS_WSETMAI,A,24.09.1999,08:34:36,SAP,,S,  46
001,S_RS_WSSYMAI,A,24.09.1999,08:34:49,SAP,,S,  46
001,S_RS_WSSYSHO,A,24.09.1999,08:35:02,SAP,,S,  46
001,S_RS_WWOBEXE,A,24.09.1999,08:35:23,SAP,,S,  24
001,S_RZL_ADMIN,A,05.07.1995,17:31:12,SAP,,S,  90
001,S_RZL_SHOW,A,10.11.1993,09:07:28,SAP,,S,  24
001,S_SAML_ADM,A,11.12.2009,14:24:20,SAP,,G,  24
001,S_SAML_DSP,A,11.12.2009,14:21:24,SAP,,G,  24
001,S_SCD0,A,23.06.1997,14:20:01,SAP,,S,  46
001,S_SCD0_ALL,A,03.03.1992,13:09:01,SAP,,S,  24
001,S_SCRP,A,23.06.1997,13:19:34,SAP,,S, 156
001,S_SCRP_ALL,A,04.03.1998,13:57:40,SAP,,S, 112
001,S_SDCC_ADMIN,A,17.11.1999,21:36:32,SAP,,S,  46
001,S_SDCC_ADM_N,A,02.11.2004,16:03:47,SAP,,S,  46
001,S_SDCC_DEVLP,A,17.11.1999,21:37:12,SAP,,S,  46
001,S_SDCC_READ,A,18.11.1999,18:45:56,SAP,,S,  24
001,S_SDCC_READN,A,02.11.2004,16:04:16,SAP,,S,  46
001,S_SDCC_SERVI,A,05.01.2000,11:44:56,SAP,,S,  46
001,S_SDCC_SERVN,A,02.11.2004,16:04:45,SAP,,S,  46
001,S_SDCC_SUPER,A,17.11.1999,21:38:50,SAP,,S,  90
001,S_SKOM_SRV,A,03.03.1992,11:44:51,SAP,,S,  24
001,S_SM_EXECUTE,A,07.07.2009,15:37:47,SAP,,S, 200
001,S_SPOOL_ALL,A,25.11.1998,14:08:31,SAP,,S,  68
001,S_SPOOL_LOC,A,24.09.1997,09:27:29,SAP,,S, 178
001,S_SPO_ALL,A,05.10.1998,15:51:32,SAP,,S,  24
001,S_SPO_ALL_U,A,05.10.1998,15:53:07,SAP,,S,  24
001,S_SPO_ATTR_A,A,03.07.1997,21:48:43,SAP,,S,  24
001,S_SPO_ATTR_U,A,05.10.1998,15:41:39,SAP,,S,  24
001,S_SPO_AUTH_A,A,03.07.1997,21:49:46,SAP,,S,  24
001,S_SPO_AUTH_U,A,05.10.1998,15:42:21,SAP,,S,  24
001,S_SPO_BASE_A,A,08.10.1997,10:07:53,SAP,,S,  24
001,S_SPO_BASE_U,A,05.10.1998,15:43:08,SAP,,S,  24
001,S_SPO_DELE_A,A,03.07.1997,21:51:52,SAP,,S,  24
001,S_SPO_DELE_U,A,05.10.1998,15:43:43,SAP,,S,  24
001,S_SPO_DEV_A,A,03.07.1997,21:58:54,SAP,,S,  24
001,S_SPO_DEV_U,A,14.08.1997,09:36:13,SAP,,S,  24
001,S_SPO_DISP_A,A,03.07.1997,21:53:00,SAP,,S,  24
001,S_SPO_DISP_U,A,05.10.1998,15:44:21,SAP,,S,  24
001,S_SPO_DOWN_A,A,05.10.1998,15:01:45,SAP,,S,  24
001,S_SPO_DOWN_U,A,05.10.1998,15:44:55,SAP,,S,  24
001,S_SPO_FEP,A,23.07.1997,10:20:43,SAP,,S,  46
001,S_SPO_PAG_AL,A,02.09.1997,15:43:13,SAP,,S,  24
001,S_SPO_PRNT_A,A,21.08.1997,16:36:37,SAP,,S,  24
001,S_SPO_PRNT_U,A,05.10.1998,15:45:29,SAP,,S,  24
001,S_SPO_REDI_A,A,03.07.1997,21:55:47,SAP,,S,  24
001,S_SPO_REDI_U,A,05.10.1998,15:46:11,SAP,,S,  24
001,S_SPO_REPR_A,A,03.07.1997,21:56:28,SAP,,S,  24
001,S_SPO_REPR_U,A,05.10.1998,15:47:29,SAP,,S,  24
001,S_SPO_SEND_A,A,05.10.1998,15:03:27,SAP,,S,  24
001,S_SPO_SEND_U,A,05.10.1998,15:48:08,SAP,,S,  24
001,S_SPO_USER_A,A,05.10.1998,15:22:41,SAP,,S,  24
001,S_SPO_USER_U,A,05.10.1998,15:48:37,SAP,,S,  24
001,S_SQLT01,A,27.02.1997,11:15:24,SAP,,S,  24
001,S_SQLT01Z,A,27.02.1997,11:23:28,SAP,,S,  24
001,S_SQLT02,A,27.02.1997,13:12:38,SAP,,S,  46
001,S_SQLT02Z,A,27.02.1997,13:13:44,SAP,,S,  46
001,S_SQLT03,A,27.02.1997,14:02:38,SAP,,S,  68
001,S_SQLT03Z,A,27.02.1997,14:03:23,SAP,,S,  68
001,S_SQLT04,A,28.02.1997,10:23:25,SAP,,S,  90
001,S_SQLT04DB,A,28.02.1997,10:56:00,SAP,,S, 134
001,S_SQLT04Z,A,28.02.1997,10:28:03,SAP,,S,  90
001,S_SQLT04ZDB,A,28.02.1997,10:57:24,SAP,,S, 134
001,S_SQLT05,A,28.02.1997,13:06:06,SAP,,S, 112
001,S_SQLT05DB,A,28.02.1997,13:12:56,SAP,,S, 156
001,S_SQLT05Z,A,28.02.1997,13:41:32,SAP,,S, 112
001,S_SQLT05ZDB,A,28.02.1997,14:04:37,SAP,,S, 156
001,S_SQLT06,A,28.02.1997,14:50:33,SAP,,S,  90
001,S_SQLT06Z,A,28.02.1997,15:03:56,SAP,,S,  90
001,S_STA_ADM,A,08.09.2010,14:35:18,SAP,,S,  24
001,S_STRU01,A,19.02.1997,16:57:59,SAP,,S,  24
001,S_STRU01Z,A,20.02.1997,13:45:33,SAP,,S,  24
001,S_STRU02,A,20.02.1997,15:34:04,SAP,,S,  46
001,S_STRU02Z,A,20.02.1997,17:47:55,SAP,,S,  46
001,S_STRU03,A,21.02.1997,14:39:09,SAP,,S,  68
001,S_STRU03Z,A,21.02.1997,16:45:39,SAP,,S,  68
001,S_STRU04,A,24.02.1997,09:42:40,SAP,,S,  90
001,S_STRU04Z,A,24.02.1997,10:23:12,SAP,,S,  90
001,S_STRU05,A,24.02.1997,11:34:28,SAP,,S,  24
001,S_STRU05Z,A,24.02.1997,11:39:52,SAP,,S,  24
001,S_SUSO01,A,06.03.1997,13:50:35,SAP,,S,  24
001,S_SUSO01Z,A,06.03.1997,13:51:50,SAP,,S,  24
001,S_SUSO02,A,06.03.1997,14:40:11,SAP,,S,  46
001,S_SUSO02Z,A,06.03.1997,14:40:47,SAP,,S,  46
001,S_SUSO03,A,06.03.1997,15:04:20,SAP,,S,  68
001,S_SUSO03Z,A,06.03.1997,15:04:56,SAP,,S,  68
001,S_SUSO04,A,06.03.1997,16:02:52,SAP,,S,  90
001,S_SUSO04Z,A,06.03.1997,16:03:23,SAP,,S,  90
001,S_SWCM,A,27.04.2007,08:44:52,SAP,,S, 332
001,S_SYST01Z_D,A,07.03.1997,13:44:38,SAP,,S,  24
001,S_SYST01_D,A,07.03.1997,13:42:25,SAP,,S,  24
001,S_SYST02Z_D,A,07.03.1997,14:10:31,SAP,,S,  46
001,S_SYST02_D,A,07.03.1997,14:09:37,SAP,,S,  46
001,S_TABL01,A,19.02.1997,16:21:40,SAP,,S,  24
001,S_TABL01Z,A,20.02.1997,13:43:14,SAP,,S,  24
001,S_TABL02,A,20.02.1997,15:26:18,SAP,,S,  46
001,S_TABL02Z,A,20.02.1997,17:44:57,SAP,,S,  46
001,S_TABL03,A,21.02.1997,14:41:32,SAP,,S,  68
001,S_TABL03Z,A,21.02.1997,16:49:19,SAP,,S,  68
001,S_TABL04,A,26.02.1997,11:45:45,SAP,,S,  90
001,S_TABL04DB,A,26.02.1997,11:45:29,SAP,,S, 134
001,S_TABL04Z,A,26.02.1997,12:03:03,SAP,,S,  90
001,S_TABL04ZDB,A,26.02.1997,12:02:02,SAP,,S, 134
001,S_TABL05,A,25.02.1997,15:04:57,SAP,,S,  68
001,S_TABL05Z,A,25.02.1997,15:06:49,SAP,,S,  68
001,S_TABU_ALL,A,18.08.1993,14:38:22,SAP,,S,  68
001,S_TAB_ANZEIG,A,31.05.1996,11:45:19,SAP,,S,   2
001,S_TCD_ALL,A,25.03.1996,13:08:36,SAP,,S,  24
001,S_TEST,A,20.08.1997,12:57:18,SAP,,S,  90
001,S_TESTER,A,31.07.1997,13:58:38,SAP,,S,  90
001,S_TESTTOOL,A,21.08.1997,14:22:10,SAP,,S, 200
001,S_TMS_NORM,A,20.10.1993,16:40:24,SAP,,S,  90
001,S_TMW_ADMIN,A,25.08.2004,21:34:11,SAP,,S,  68
001,S_TMW_CREATE,A,02.03.2005,12:22:07,SAP,,S, 112
001,S_TMW_DEVELO,A,25.08.2004,21:11:01,SAP,,S,  46
001,S_TMW_IMPORT,A,25.08.2004,21:01:35,SAP,,S,   2
001,S_TMW_OPERA,A,27.08.2004,12:52:26,SAP,,S,  90
001,S_TMW_PRJALL,A,25.08.2004,21:21:23,SAP,,S,  68
001,S_TMW_PROJEC,A,25.08.2004,21:14:50,SAP,,S,  46
001,S_TOOLS_EX,A,02.04.1992,16:34:21,SAP,,S,  24
001,S_TOOLS_EX_A,A,13.08.1992,16:35:25,SAP,,S,  24
001,S_TRAN01,A,04.03.1997,16:11:57,SAP,,S,  24
001,S_TRAN01Z,A,04.03.1997,16:19:01,SAP,,S,  24
001,S_TRAN02,A,05.03.1997,10:52:06,SAP,,S,  46
001,S_TRAN02Z,A,05.03.1997,10:52:31,SAP,,S,  46
001,S_TRAN03,A,05.03.1997,11:20:11,SAP,,S,  68
001,S_TRAN03Z,A,05.03.1997,11:20:55,SAP,,S,  68
001,S_TRAN04,A,05.03.1997,11:42:19,SAP,,S,  90
001,S_TRAN04Z,A,05.03.1997,11:42:43,SAP,,S,  90
001,S_TRANSPRT,A,03.03.1997,15:04:54,SAP,,S,  24
001,S_TRANS_ALL,A,17.06.1997,15:26:34,SAP,,S,  46
001,S_TRANS_P_D,A,15.02.1996,15:39:48,SAP,,S,  46
001,S_TRANS_P_P,A,15.02.1996,15:40:49,SAP,,S,  46
001,S_TRANS_P_Q,A,15.02.1996,15:41:57,SAP,,S,  46
001,S_TRANS_RFC,A,08.12.1999,18:20:01,SAP,,S,  90
001,S_TSKH_ALL,A,22.05.1995,16:09:00,SAP,,S,  46
001,S_TWB_ALL,A,24.04.1998,10:47:07,SAP,,S,  24
001,S_UACC,A,13.11.2007,03:40:16,SAP,,S,  90
001,S_UDMO01,A,26.02.1997,10:51:33,SAP,,S,  24
001,S_UDMO01Z,A,26.02.1997,10:56:01,SAP,,S,  24
001,S_UDMO02,A,26.02.1997,15:04:28,SAP,,S,  46
001,S_UDMO02Z,A,26.02.1997,15:07:58,SAP,,S,  46
001,S_UDMO03,A,26.02.1997,15:48:08,SAP,,S,  68
001,S_UDMO03Z,A,26.02.1997,15:51:05,SAP,,S,  68
001,S_UDMO04,A,26.02.1997,16:22:16,SAP,,S,  90
001,S_UDMO04Z,A,26.02.1997,16:24:58,SAP,,S,  90
001,S_UENO01,A,26.02.1997,10:54:24,SAP,,S,  24
001,S_UENO01Z,A,26.02.1997,11:09:09,SAP,,S,  24
001,S_UENO02,A,26.02.1997,15:06:23,SAP,,S,  46
001,S_UENO02Z,A,26.02.1997,15:09:20,SAP,,S,  46
001,S_UENO03,A,26.02.1997,15:49:39,SAP,,S,  68
001,S_UENO03Z,A,26.02.1997,15:53:03,SAP,,S,  68
001,S_UENO04,A,26.02.1997,16:23:12,SAP,,S,  90
001,S_UENO04Z,A,26.02.1997,16:26:42,SAP,,S,  90
001,S_USER,A,23.06.1997,13:27:51,SAP,,S, 134
001,S_USER_ALL,A,09.04.1998,10:06:09,SAP,,S, 112
001,S_USER_GRP,A,03.11.2006,09:28:11,SAP,,S,  24
001,S_USER_P,A,05.02.1998,15:45:15,SAP,,S,  24
001,S_USER_RFC,A,23.06.1997,11:05:01,SAP,,S,  24
001,S_USER_SAP,A,01.04.1993,09:35:57,SAP,,S,  68
001,S_USER_SHOW,A,20.03.1995,14:05:56,SAP,,S,  68
001,S_USER_TRANS,A,15.01.1998,13:38:12,SAP,,S,  46
001,S_USER_USER,A,15.01.1998,13:32:54,SAP,,S,  46
001,S_UTIL01,A,26.05.1997,17:09:59,SAP,,C,  74
001,S_UTIL01Z,A,26.05.1997,17:10:22,SAP,,C,  74
001,S_UTIL02,A,26.05.1997,17:10:45,SAP,,C,  74
001,S_UTIL02Z,A,26.05.1997,17:11:16,SAP,,C,  74
001,S_UTIL03,A,26.05.1997,17:11:59,SAP,,C,  74
001,S_UTIL03Z,A,26.05.1997,17:12:25,SAP,,C,  74
001,S_UTIL04,A,26.05.1997,17:12:43,SAP,,C,  74
001,S_UTIL04Z,A,26.05.1997,17:13:07,SAP,,C,  74
001,S_UTIL05,A,26.05.1997,17:13:29,SAP,,C,  38
001,S_UTIL05Z,A,26.05.1997,17:13:50,SAP,,C,  38
001,S_UTIL06,A,26.05.1997,17:14:10,SAP,,C,  38
001,S_UTIL06Z,A,26.05.1997,17:14:29,SAP,,C,  38
001,S_UTIL_AEW,A,05.03.1997,16:37:06,SAP,,S,  24
001,S_UTIL_AEW_D,A,07.03.1997,13:48:21,SAP,,S,  24
001,S_VERSDB_RFC,A,12.07.2001,14:11:12,SAP,,S,  90
001,S_VIEW06,A,24.02.1997,16:57:36,SAP,,S,  24
001,S_VIEW06Z,A,24.02.1997,17:02:57,SAP,,S,  24
001,S_VIEW07,A,25.02.1997,08:23:13,SAP,,S,  46
001,S_VIEW07Z,A,25.02.1997,08:34:21,SAP,,S,  46
001,S_VIEW08,A,25.02.1997,09:12:38,SAP,,S,  68
001,S_VIEW08Z,A,25.02.1997,09:17:47,SAP,,S,  68
001,S_VIEW09,A,25.02.1997,09:52:33,SAP,,S,  90
001,S_VIEW09DB,A,26.02.1997,13:58:56,SAP,,S, 134
001,S_VIEW09Z,A,25.02.1997,10:02:44,SAP,,S,  90
001,S_VIEW09ZDB,A,26.02.1997,14:11:50,SAP,,S, 134
001,S_VIEW10,A,26.02.1997,14:38:16,SAP,,S,  68
001,S_VIEW10Z,A,26.02.1997,14:42:40,SAP,,S,  68
001,S_VMCADMIN_1,A,16.05.2006,15:27:50,SAP,,S, 112
001,S_VMCADMIN_2,A,25.07.2005,19:51:08,SAP,,S,  90
001,S_VMCTRANS,A,16.11.2004,08:18:57,SAP,,S,  24
001,S_WEBDYNP,A,17.01.2011,11:15:13,SAP,,S,  90
001,S_WF_ADM_ALL,A,18.10.1994,16:43:01,SAP,,S,  46
001,S_WF_ALL,A,15.12.1995,11:49:42,SAP,,S, 178
001,S_WF_PRC_ALL,A,09.01.1998,16:42:32,SAP,,S,  24
001,S_XMB_ALL,A,14.01.2005,10:39:15,SAP,,S, 134
001,S_XMI_ALL,A,30.06.1997,16:15:59,SAP,,S,  24
001,S_XMI_XBP_A,A,08.07.1997,13:15:33,SAP,,S,  46
001,S_XMI_XOM_A,A,08.07.1997,13:10:46,SAP,,S,  46
001,S_XMI_XSP_A,A,09.10.2000,14:23:26,SAP,,S,  46
001,S_XPRA_DIC,A,25.04.1997,10:39:55,SAP,,S,  24
001,S_XPRA_ENTW,A,22.04.1997,13:30:26,SAP,,S,  24
001,S_ZENTR,A,15.10.1997,12:37:37,SAP,,C,  14
001,T-NL310001,A,17.07.2017,13:47:17,DEVELOPER,,G,  68
001,T-NL310004,A,15.03.2018,04:31:52,ACLOW,,G,  46
001,T_56184216,A,11.01.1999,10:10:47,SAP,,G, 596
001,T_56184217,A,11.01.1999,10:13:11,SAP,,G, 134
001,T_56184218,A,11.01.1999,10:13:48,SAP,,G, 134
001,T_56184351,A,16.03.1999,09:49:44,SAP,,G, 310
001,T_56184354,A,16.03.1999,09:53:03,SAP,,G,  46
001,T_56184361,A,17.03.1999,11:43:31,SAP,,G, 376
001,T_56184365,A,22.12.2009,15:13:07,SAP,,G,1586
001,T_56184416,A,14.12.1999,11:29:25,SAP,,G, 222
001,T_56184430,A,08.12.1999,09:18:10,SAP,,G, 728
001,T_56184456,A,08.12.1999,09:36:12,SAP,,G, 222
001,T_56184457,A,03.12.1999,11:49:33,SAP,,G, 200
001,T_AA360621,A,19.10.2009,13:37:34,SAP,,G,  90
001,T_AA600042,A,13.02.2009,16:23:12,SAP,,G,  90
001,T_AA600045,A,19.03.2009,09:57:01,SAP,,G,  46
001,T_ALM_CONF,A,05.06.2003,17:35:03,SAP,,G, 112
001,T_ALM_CUST,A,05.06.2003,18:15:17,SAP,,G,  90
001,T_B0960143,A,25.10.2010,18:01:43,SAP,,G, 156
001,T_B0960155,A,25.04.2005,12:14:37,SAP,,G,  24
001,T_B0960197,A,03.03.2004,12:41:30,SAP,,G,  24
001,T_B0960241,A,27.08.2004,08:34:00,SAP,,G,  68
001,T_B0960242,A,27.08.2004,08:35:54,SAP,,G,  68
001,T_B0960243,A,27.08.2004,08:38:03,SAP,,G,  46
001,T_B0960244,A,27.08.2004,08:40:36,SAP,,G,  46
001,T_B0960245,A,27.08.2004,08:41:58,SAP,,G,  68
001,T_B0960681,A,10.03.2009,16:45:40,SAP,,G, 134
001,T_B0960682,A,07.05.2009,12:37:44,SAP,,G, 222
001,T_B3590012,A,03.03.2000,11:07:39,SAP,,G,  24
001,T_B3590016,A,03.03.2000,11:09:30,SAP,,G,  24
001,T_B3590017,A,03.03.2000,10:23:14,SAP,,G,  24
001,T_B3640012,A,09.11.2010,09:58:16,SAP,,G,  24
001,T_B3640013,A,09.11.2010,10:00:55,SAP,,G,  24
001,T_B3640014,A,01.12.2010,09:55:36,SAP,,G,  24
001,T_B3640015,A,01.12.2010,09:54:40,SAP,,G,  24
001,T_B3640016,A,01.12.2010,09:52:57,SAP,,G,  24
001,T_B3640017,A,09.11.2010,10:07:38,SAP,,G,  24
001,T_B3640018,A,09.11.2010,10:09:31,SAP,,G,  24
001,T_B3640020,A,03.12.2010,06:58:39,SAP,,G,  46
001,T_B3640026,A,03.12.2010,10:13:00,SAP,,G,  46
001,T_BA620009,A,27.01.2009,13:28:20,SAP,,G, 706
001,T_BA620010,A,21.02.2005,14:07:45,SAP,,G, 376
001,T_BA760008,A,27.01.2009,11:10:06,SAP,,G, 552
001,T_BA800045,A,18.04.2008,03:49:58,SAP,,G, 178
001,T_BA800053,A,07.04.2009,14:35:43,SAP,,G, 904
001,T_BA800057,A,16.04.2011,00:51:05,SAP,,G, 244
001,T_BA800099,A,07.04.2009,14:35:44,SAP,,G, 508
001,T_BA800107,A,07.04.2009,14:35:53,SAP,,G, 266
001,T_BA800112,A,18.10.2011,17:23:20,SAP,,G, 464
001,T_BA850005,A,30.01.2007,13:48:57,SAP,,G, 134
001,T_BA850009,A,10.09.2007,17:20:18,SAP,,G, 706
001,T_BA850010,A,25.03.2009,15:43:21,SAP,,G,  68
001,T_BA850041,A,09.11.2006,09:04:06,SAP,,G, 882
001,T_BA850042,A,02.11.2006,17:11:51,SAP,,G,  68
001,T_BA850044,A,14.11.2006,09:22:19,SAP,,G, 200
001,T_BE060028,A,08.12.1999,09:27:35,SAP,,G, 442
001,T_BE110941,A,09.01.2004,09:03:40,SAP,,G, 112
001,T_BE110997,A,27.12.2004,12:47:22,SAP,,G,  90
001,T_BE111057,A,10.06.2010,10:57:40,SAP,,G,  46
001,T_BE111413,A,16.04.2011,00:55:14,SAP,,G, 244
001,T_BE111414,A,16.04.2011,00:53:38,SAP,,G, 244
001,T_BE111415,A,16.04.2011,00:54:34,SAP,,G, 156
001,T_BE111416,A,16.04.2011,00:56:05,SAP,,G, 156
001,T_BE111659,A,19.05.2003,11:54:46,SAP,,G, 112
001,T_BE111685,A,07.07.2003,10:18:35,SAP,,G, 112
001,T_BE112107,A,16.04.2011,00:52:16,SAP,,G, 222
001,T_BE112323,A,19.03.2009,15:02:12,SAP,,G,  46
001,T_BE112353,A,26.05.2004,17:31:51,SAP,,G,  68
001,T_BE112483,A,26.05.2004,17:40:29,SAP,,G,  90
001,T_BE112637,A,13.08.2004,15:43:15,SAP,,G,  46
001,T_BE114236,A,28.04.2008,10:51:36,SAP,,G, 134
001,T_BE114249,A,12.06.2008,10:17:54,SAP,,G, 332
001,T_BE420028,A,19.08.2003,13:00:01,SAP,,G,  46
001,T_BE420029,A,19.08.2003,13:15:27,SAP,,G,  46
001,T_BE420030,A,19.08.2003,13:20:35,SAP,,G,  90
001,T_BE420045,A,16.12.2004,09:51:28,SAP,,G, 266
001,T_BE420334,A,29.07.2011,17:18:21,SAP,,G,  68
001,T_BI560001,A,01.02.2005,13:33:01,SAP,,G, 310
001,T_BI560002,A,10.09.2008,10:47:54,SAP,,G, 684
001,T_BI560003,A,30.03.2007,12:23:56,SAP,,G, 486
001,T_BI560004,A,30.03.2007,12:22:59,SAP,,G, 376
001,T_BI560013,A,24.03.2004,17:16:28,SAP,,G, 244
001,T_BI560014,A,24.03.2004,17:16:32,SAP,,G, 112
001,T_BI560019,A,19.01.2005,17:00:48,SAP,,G, 156
001,T_BI660009,A,19.03.2012,16:19:56,SAP,,G,1388
001,T_BI660062,A,11.01.2005,17:31:29,SAP,,G, 156
001,T_BI660066,A,13.07.2005,12:30:52,SAP,,G,  90
001,T_BI660069,A,27.09.2010,19:02:15,SAP,,G, 684
001,T_BI660070,A,25.01.2006,10:39:34,SAP,,G, 178
001,T_BI660089,A,30.07.2005,02:10:55,SAP,,G,  68
001,T_C4090054,A,09.11.2010,09:47:49,SAP,,G,  24
001,T_C4880021,A,09.02.2017,23:33:41,SAP,,G, 222
001,T_C4880023,A,10.02.2017,00:16:26,SAP,,G,  24
001,T_C4880024,A,10.02.2017,00:16:26,SAP,,G,  24
001,T_C4880025,A,10.02.2017,00:16:26,SAP,,G,  68
001,T_C4880026,A,14.02.2017,14:07:35,SAP,,G,  46
001,T_C4880027,A,10.02.2017,09:48:48,SAP,,G,  90
001,T_C4880028,A,14.02.2017,14:04:16,SAP,,G, 112
001,T_EF056734,A,02.07.2013,13:47:27,SAP,,G, 464
001,T_EF107516,A,06.12.2010,07:41:50,SAP,,G,  24
001,T_EF107517,A,06.12.2010,07:43:59,SAP,,G,  24
001,T_EF107526,A,23.02.2011,03:17:52,SAP,,G,  46
001,T_EF107527,A,23.02.2011,11:01:01,SAP,,G,  46
001,T_EF107530,A,09.03.2011,13:47:09,SAP,,G,  24
001,T_EF107531,A,09.03.2011,13:51:00,SAP,,G, 112
001,T_EF107532,A,09.03.2011,13:56:05,SAP,,G, 156
001,T_EF107534,A,15.03.2011,14:14:26,SAP,,G,  24
001,T_EW350012,A,27.01.2009,13:26:29,SAP,,G, 662
001,T_EW350013,A,21.02.2005,13:59:06,SAP,,G, 310
001,T_EZ980004,A,05.04.2007,11:43:50,SAP,,G,  24
001,T_EZ980005,A,13.08.2010,10:24:27,SAP,,G, 464
001,T_EZ980006,A,13.08.2010,10:26:18,SAP,,G, 376
001,T_EZ980007,A,27.01.2009,11:10:13,SAP,,G,  46
001,T_EZ980008,A,15.01.2009,14:02:18,SAP,,G,  46
001,T_EZ980009,A,13.08.2010,10:30:42,SAP,,G, 288
001,T_EZ980010,A,13.05.2011,15:50:32,SAP,,G, 332
001,T_K1300002,A,05.06.2008,16:25:49,SAP,,G,  68
001,T_K1300003,A,05.06.2008,16:26:26,SAP,,G,3126
001,T_K1300004,A,12.08.2008,08:16:15,SAP,,G,1080
001,T_KM170002,A,16.10.2007,17:08:13,SAP,,G, 530
001,T_KM170004,A,16.10.2007,17:02:45,SAP,,G, 662
001,T_KM170005,A,16.10.2007,17:16:04,SAP,,G, 992
001,T_KM170006,A,16.10.2007,17:07:17,SAP,,G, 706
001,T_KW650276,A,13.08.2013,10:24:39,SAP,,G,  24
001,T_KW650277,A,13.08.2013,10:27:11,SAP,,G,  24
001,T_LA930056,A,13.08.2010,10:28:47,SAP,,G, 486
001,T_LA930098,A,15.03.2012,11:41:14,SAP,,G, 134
001,T_LA930134,A,15.12.2008,13:25:52,SAP,,G,  24
001,T_LA930135,A,10.01.2011,17:43:43,SAP,,G,  68
001,T_LA930136,A,10.01.2011,17:44:02,SAP,,G,  68
001,T_LA930142,A,15.01.2009,14:02:18,SAP,,G, 134
001,T_LA930159,A,15.01.2009,14:02:23,SAP,,G,  68
001,T_P3510008,A,17.09.2010,17:39:26,SAP,,G, 266
001,T_P3510009,A,17.09.2010,17:38:36,SAP,,G, 310
001,T_P3510010,A,17.09.2010,17:43:22,SAP,,G, 134
001,T_R1880002,A,09.02.2007,08:38:55,SAP,,G,3302
001,T_R18800021,A,09.02.2007,08:38:55,SAP,,G,3302
001,T_R18800022,A,09.02.2007,08:38:55,SAP,,G,1586
001,T_R1880003,A,09.02.2007,08:38:23,SAP,,G, 398
001,T_R1880004,A,09.02.2007,08:37:47,SAP,,G,1124
001,T_R1880005,A,09.02.2007,08:36:54,SAP,,G,1762
001,T_S3420022,A,08.10.2010,12:55:20,SAP,,G,  68
001,T_S3420032,A,13.05.2011,16:19:52,SAP,,G,  90
001,T_S3420034,A,13.05.2011,17:14:29,SAP,,G, 134
001,T_S3420035,A,13.05.2011,17:16:47,SAP,,G,  90
001,T_S9450010,A,20.07.2011,10:23:30,SAP,,G,  90
001,T_S9450012,A,15.11.2011,16:41:42,SAP,,G, 266
001,T_S9450018,A,21.07.2011,13:11:33,SAP,,G,  46
001,T_S9450019,A,21.07.2011,13:17:07,SAP,,G,  46
001,T_S9450020,A,21.07.2011,13:18:38,SAP,,G,  46
001,T_S9450021,A,21.07.2011,13:28:45,SAP,,G,  46
001,T_S9450107,A,17.01.2012,11:59:55,SAP,,G,  24
001,T_S9450168,A,02.08.2012,13:54:36,SAP,,G, 200
001,T_TAMO_RFC,A,03.11.2010,10:28:52,SAP,,G,  46
001,T_TIM_RFC_,A,17.11.2010,10:41:46,SAP,,G, 134
001,T_TRANCOOR,A,03.11.2010,10:51:11,SAP,,G, 112
001,T_TRANSLAT,A,26.05.2010,19:02:15,SAP,,G, 574
001,T_TRANSLBI,A,03.11.2010,10:45:29,SAP,,G, 112
001,T_TRANST62,A,29.08.2003,15:52:11,SAP,,G,  90
001,T_TRAN_ENV,A,06.04.2011,14:53:54,SAP,,G, 618
001,T_TRAN_RFC,A,21.03.2011,10:02:27,SAP,,G, 178
001,T_TRAPACOO,A,22.02.2011,15:13:06,SAP,,G, 112
001,T_TRASUPCO,A,03.11.2010,10:54:26,SAP,,G, 178
001,T_UA140212,A,04.03.2013,14:01:37,SAP,,G, 200
001,T_X1940102,A,07.03.2012,09:39:55,SAP,,G,  68
001,T_X1940113,A,08.04.2011,14:38:57,SAP,,G,  24
001,T_X1990086,A,04.11.2010,02:00:52,SAP,,G,  46
001,T_X1990087,A,04.11.2010,02:00:59,SAP,,G,  46
001,T_X1990089,A,04.11.2010,02:01:01,SAP,,G, 134
001,T_X1990090,A,27.09.2010,19:12:15,SAP,,G, 310
001,T_X1990091,A,04.11.2010,02:00:50,SAP,,G, 442
001,T_X1990092,A,04.11.2010,02:00:53,SAP,,G, 332
001,T_Y1620038,A,27.01.2005,15:35:44,SAP,,G, 200
001,T_Y1620039,A,23.08.2004,09:16:24,SAP,,G, 134
001,T_Y1620046,A,25.03.2009,17:23:31,SAP,,G, 266
001,T_Y2190016,A,07.04.2009,14:35:41,SAP,,G, 156
001,T_Y2190041,A,07.04.2009,14:35:52,SAP,,G, 398
001,T_Y2190087,A,29.05.2009,15:48:46,SAP,,G, 464
001,T_Y2190088,A,29.05.2009,15:48:13,SAP,,G, 508
001,T_Y2190096,A,22.07.2010,10:14:54,SAP,,G, 156
001,T_Y2190097,A,22.07.2010,10:16:22,SAP,,G,  90
001,T_Y2190098,A,22.07.2010,10:29:13,SAP,,G, 112
001,T_Y2190099,A,22.07.2010,10:15:38,SAP,,G,  90
001,T_Y2190100,A,15.07.2009,16:32:36,SAP,,G,  24
001,T_Y2190125,A,25.11.2009,13:52:22,SAP,,G,  46
001,T_Y2190136,A,26.11.2009,16:22:10,SAP,,G,  68
001,T_Y2190144,A,07.12.2009,11:03:42,SAP,,G, 200
001,T_Y2190160,A,14.12.2009,17:23:41,SAP,,G, 112
001,T_Y2190173,A,18.02.2010,08:48:19,SAP,,G,  90
001,T_Y2670002,A,27.01.2005,15:37:45,SAP,,G, 156
001,T_Y3670002,A,10.02.2010,13:28:04,SAP,,G, 310
001,T_Y3670011,A,03.03.2010,15:48:10,SAP,,G,  46
001,T_Y3670039,A,22.03.2010,17:17:38,SAP,,G,  24
001,T_Y3670065,A,12.04.2011,17:51:55,SAP,,G, 156
001,T_Y3670068,A,17.05.2010,08:25:15,SAP,,G,  90
001,T_Y3670087,A,10.06.2010,11:56:51,SAP,,G,  90
001,T_Y3670098,A,04.10.2010,09:56:03,SAP,,G,  46
001,T_Y3670100,A,25.09.2010,00:48:31,SAP,,G,  46
001,T_Y3670101,A,25.09.2010,00:52:35,SAP,,G,  68
001,T_Y3670126,A,31.01.2011,11:35:28,SAP,,G, 838
001,T_Y3670127,A,02.12.2010,11:02:14,SAP,,G,  24
001,T_Y3670128,A,02.12.2010,11:02:35,SAP,,G,  24
001,T_Y3670129,A,02.12.2010,11:02:57,SAP,,G,  24
001,T_Y3670158,A,17.02.2011,09:50:58,SAP,,G,  46
001,T_Y3670176,A,16.03.2011,06:35:00,SAP,,G,  24
001,T_Y3670181,A,23.03.2011,12:13:39,SAP,,G,  24
001,T_Y3670203,A,04.04.2011,16:21:28,SAP,,G,  90
001,T_Y3670204,A,19.09.2013,14:33:41,SAP,,G, 200
001,T_Y3670206,A,19.09.2013,14:22:33,SAP,,G, 156
001,T_Y3670207,A,19.09.2013,14:36:39,SAP,,G,  90
001,T_Y3670210,A,03.05.2011,14:46:44,SAP,,G, 178
001,T_Y3670211,A,03.05.2011,14:44:35,SAP,,G, 178
001,T_Y3670212,A,19.09.2013,14:37:52,SAP,,G, 134
001,T_Y3670213,A,13.04.2011,14:44:58,SAP,,G,  24
001,T_Y3670241,A,20.07.2011,09:56:16,SAP,,G, 310
001,T_Y3670242,A,21.07.2011,13:07:24,SAP,,G, 244
001,T_Y3670269,A,19.09.2013,14:35:24,SAP,,G,  68
001,T_Y3670471,A,08.09.2015,18:20:06,SAP,,G,  24
001,T_Y3670529,A,23.03.2011,12:20:10,SAP,,G,  24
001,T_Y3670656,A,20.07.2011,13:52:23,SAP,,G,  90
001,T_Y3670657,A,19.07.2011,12:15:22,SAP,,G, 112
001,T_Y3670658,A,19.03.2012,17:21:15,SAP,,G, 134
001,T_Y3670659,A,20.07.2011,13:57:00,SAP,,G, 222
001,T_Y3670660,A,19.07.2011,12:16:05,SAP,,G,  24
001,T_Y3670661,A,19.07.2011,12:16:18,SAP,,G,  24
001,T_Y3670662,A,19.07.2011,12:16:29,SAP,,G,  90
001,T_Y3670663,A,19.07.2011,12:16:37,SAP,,G,  24
001,T_Y3670759,A,21.07.2011,10:08:16,SAP,,G,  90
001,T_YA670098,A,27.09.2005,11:33:05,SAP,,G,  24
001,T_YA670101,A,30.09.2005,11:34:23,SAP,,G,  46
001,T_YA670102,A,30.09.2005,11:35:04,SAP,,G, 156
001,T_YA670111,A,07.11.2005,15:48:36,SAP,,G, 508
001,T_YA670153,A,16.06.2006,15:28:39,SAP,,G,  24
001,T_YA670154,A,16.06.2006,15:28:41,SAP,,G,  24
001,T_YA670184,A,15.04.2008,15:37:15,SAP,,G, 112
001,T_YA670222,A,17.11.2006,17:06:17,SAP,,G, 112
001,T_YA670500,A,20.06.2007,10:14:26,SAP,,G,  68
001,T_YA670501,A,20.06.2007,10:16:53,SAP,,G,  68
001,T_YA670502,A,21.06.2007,10:52:55,SAP,,G,  46
001,T_YA670503,A,21.06.2007,10:54:41,SAP,,G,  68
001,T_YA670504,A,23.10.2007,10:37:04,SAP,,G, 244
001,T_YB250030,A,22.04.2008,10:38:08,SAP,,G, 156
001,T_YB250045,A,15.03.2006,17:07:34,SAP,,G, 266
001,T_YB250050,A,03.03.2005,11:29:36,SAP,,G,  24
001,T_YD160050,A,07.03.2012,09:51:35,SAP,,G, 706
001,Z_TRANS_P_D,A,15.10.1997,12:30:17,SAP,,S,  46
001,Z_TRANS_P_P,A,15.10.1997,12:33:15,SAP,,S,  46
001,Z_TRANS_P_Q,A,13.10.1997,10:15:48,SAP,,S,  46
001,Z_TRANS_RFC,A,25.09.1997,10:54:25,SAP,,S,  90
001,TEST_PROF_1,A,25.09.1997,10:54:25,TEST,,S,  90
001,TEST_PROF_2,A,25.09.1997,10:54:25,TEST,,S,  90
001,TEST_PROF,A,25.09.1997,10:54:25,TEST,,S,  90